,stimulus,response,subject
0,0001,1,1
1,0002,-1,1
2,0003,-1,1
3,0004,1,1
4,0005,1,1
5,0006,1,1
6,0007,-1,1
7,0008,1,1
8,0009,1,1
9,0010,-1,1
10,0011,1,1
11,0012,-1,1
12,0013,1,1
13,0014,1,1
14,0015,-1,1
15,0016,-1,1
16,0017,-1,1
17,0018,1,1
18,0019,-1,1
19,0020,1,1
20,0021,-1,1
21,0022,1,1
22,0023,-1,1
23,0024,1,1
24,0025,-1,1
25,0026,1,1
26,0027,-1,1
27,0028,-1,1
28,0029,-1,1
29,0030,-1,1
30,0031,1,1
31,0032,-1,1
32,0033,1,1
33,0034,-1,1
34,0035,-1,1
35,0036,1,1
36,0037,1,1
37,0038,-1,1
38,0039,1,1
39,0040,1,1
40,0041,1,1
41,0042,-1,1
42,0043,1,1
43,0044,1,1
44,0045,-1,1
45,0046,-1,1
46,0047,-1,1
47,0048,-1,1
48,0049,-1,1
49,0050,1,1
50,0051,-1,1
51,0052,-1,1
52,0053,1,1
53,0054,1,1
54,0055,-1,1
55,0056,-1,1
56,0057,1,1
57,0058,1,1
58,0059,-1,1
59,0060,1,1
60,0061,1,1
61,0062,1,1
62,0063,-1,1
63,0064,-1,1
64,0065,1,1
65,0066,1,1
66,0067,1,1
67,0068,1,1
68,0069,1,1
69,0070,1,1
70,0071,1,1
71,0072,-1,1
72,0073,1,1
73,0074,-1,1
74,0075,-1,1
75,0076,-1,1
76,0077,1,1
77,0078,1,1
78,0079,-1,1
79,0080,1,1
80,0081,1,1
81,0082,1,1
82,0083,-1,1
83,0084,-1,1
84,0085,-1,1
85,0086,-1,1
86,0087,1,1
87,0088,1,1
88,0089,1,1
89,0090,1,1
90,0091,-1,1
91,0092,-1,1
92,0093,1,1
93,0094,1,1
94,0095,-1,1
95,0096,-1,1
96,0097,1,1
97,0098,1,1
98,0099,-1,1
99,0100,1,1
100,0101,1,1
101,0102,-1,1
102,0103,-1,1
103,0104,-1,1
104,0105,1,1
105,0106,-1,1
106,0107,1,1
107,0108,-1,1
108,0109,-1,1
109,0110,-1,1
110,0111,1,1
111,0112,1,1
112,0113,-1,1
113,0114,1,1
114,0115,-1,1
115,0116,1,1
116,0117,-1,1
117,0118,1,1
118,0119,1,1
119,0120,-1,1
120,0121,-1,1
121,0122,1,1
122,0123,-1,1
123,0124,-1,1
124,0125,-1,1
125,0126,-1,1
126,0127,1,1
127,0128,1,1
128,0129,1,1
129,0130,1,1
130,0131,-1,1
131,0132,-1,1
132,0133,-1,1
133,0134,-1,1
134,0135,1,1
135,0136,1,1
136,0137,1,1
137,0138,1,1
138,0139,1,1
139,0140,-1,1
140,0141,1,1
141,0142,1,1
142,0143,-1,1
143,0144,1,1
144,0145,1,1
145,0146,-1,1
146,0147,-1,1
147,0148,1,1
148,0149,-1,1
149,0150,-1,1
150,0151,1,1
151,0152,-1,1
152,0153,1,1
153,0154,1,1
154,0155,-1,1
155,0156,1,1
156,0157,1,1
157,0158,1,1
158,0159,1,1
159,0160,1,1
160,0161,1,1
161,0162,1,1
162,0163,1,1
163,0164,-1,1
164,0165,1,1
165,0166,1,1
166,0167,-1,1
167,0168,-1,1
168,0169,1,1
169,0170,1,1
170,0171,-1,1
171,0172,-1,1
172,0173,-1,1
173,0174,-1,1
174,0175,-1,1
175,0176,-1,1
176,0177,-1,1
177,0178,-1,1
178,0179,1,1
179,0180,1,1
180,0181,1,1
181,0182,1,1
182,0183,1,1
183,0184,1,1
184,0185,1,1
185,0186,-1,1
186,0187,-1,1
187,0188,-1,1
188,0189,-1,1
189,0190,1,1
190,0191,-1,1
191,0192,-1,1
192,0193,1,1
193,0194,-1,1
194,0195,-1,1
195,0196,-1,1
196,0197,-1,1
197,0198,1,1
198,0199,1,1
199,0200,1,1
200,0201,1,1
201,0202,1,1
202,0203,1,1
203,0204,-1,1
204,0205,-1,1
205,0206,-1,1
206,0207,1,1
207,0208,1,1
208,0209,1,1
209,0210,1,1
210,0211,1,1
211,0212,1,1
212,0213,-1,1
213,0214,1,1
214,0215,1,1
215,0216,1,1
216,0217,-1,1
217,0218,1,1
218,0219,1,1
219,0220,1,1
220,0221,1,1
221,0222,-1,1
222,0223,-1,1
223,0224,1,1
224,0225,1,1
225,0226,-1,1
226,0227,1,1
227,0228,1,1
228,0229,-1,1
229,0230,-1,1
230,0231,1,1
231,0232,1,1
232,0233,-1,1
233,0234,1,1
234,0235,-1,1
235,0236,1,1
236,0237,1,1
237,0238,1,1
238,0239,1,1
239,0240,1,1
240,0241,-1,1
241,0242,-1,1
242,0243,1,1
243,0244,1,1
244,0245,1,1
245,0246,-1,1
246,0247,1,1
247,0248,1,1
248,0249,1,1
249,0250,1,1
250,0251,-1,1
251,0252,-1,1
252,0253,-1,1
253,0254,-1,1
254,0255,1,1
255,0256,1,1
256,0257,1,1
257,0258,1,1
258,0259,1,1
259,0260,-1,1
260,0261,-1,1
261,0262,-1,1
262,0263,-1,1
263,0264,1,1
264,0265,1,1
265,0266,1,1
266,0267,1,1
267,0268,1,1
268,0269,-1,1
269,0270,1,1
270,0271,1,1
271,0272,1,1
272,0273,-1,1
273,0274,1,1
274,0275,1,1
275,0276,-1,1
276,0277,1,1
277,0278,1,1
278,0279,1,1
279,0280,-1,1
280,0281,1,1
281,0282,1,1
282,0283,-1,1
283,0284,-1,1
284,0285,-1,1
285,0286,1,1
286,0287,-1,1
287,0288,1,1
288,0289,-1,1
289,0290,1,1
290,0291,-1,1
291,0292,-1,1
292,0293,-1,1
293,0294,-1,1
294,0295,-1,1
295,0296,-1,1
296,0297,1,1
297,0298,-1,1
298,0299,1,1
299,0300,1,1
300,0301,1,1
301,0302,-1,1
302,0303,-1,1
303,0304,1,1
304,0305,-1,1
305,0306,1,1
306,0307,-1,1
307,0308,1,1
308,0309,1,1
309,0310,-1,1
310,0311,1,1
311,0312,1,1
312,0313,1,1
313,0314,1,1
314,0315,1,1
315,0316,-1,1
316,0317,1,1
317,0318,-1,1
318,0319,-1,1
319,0320,-1,1
320,0321,1,1
321,0322,1,1
322,0323,-1,1
323,0324,-1,1
324,0325,1,1
325,0326,-1,1
326,0327,1,1
327,0328,1,1
328,0329,-1,1
329,0330,1,1
330,0331,-1,1
331,0332,1,1
332,0333,1,1
333,0334,1,1
334,0335,1,1
335,0336,-1,1
336,0337,-1,1
337,0338,1,1
338,0339,1,1
339,0340,1,1
340,0341,1,1
341,0342,-1,1
342,0343,-1,1
343,0344,1,1
344,0345,-1,1
345,0346,1,1
346,0347,1,1
347,0348,1,1
348,0349,1,1
349,0350,1,1
350,0351,-1,1
351,0352,-1,1
352,0353,-1,1
353,0354,-1,1
354,0355,1,1
355,0356,-1,1
356,0357,1,1
357,0358,1,1
358,0359,-1,1
359,0360,1,1
360,0361,1,1
361,0362,1,1
362,0363,-1,1
363,0364,1,1
364,0365,-1,1
365,0366,-1,1
366,0367,-1,1
367,0368,1,1
368,0369,-1,1
369,0370,-1,1
370,0371,-1,1
371,0372,1,1
372,0373,-1,1
373,0374,-1,1
374,0375,-1,1
375,0376,1,1
376,0377,-1,1
377,0378,1,1
378,0379,1,1
379,0380,1,1
380,0381,-1,1
381,0382,1,1
382,0383,-1,1
383,0384,1,1
384,0385,1,1
385,0386,-1,1
386,0387,1,1
387,0388,-1,1
388,0389,1,1
389,0390,1,1
390,0391,1,1
391,0392,1,1
392,0393,1,1
393,0394,-1,1
394,0395,-1,1
395,0396,1,1
396,0397,-1,1
397,0398,-1,1
398,0399,1,1
399,0400,1,1
400,0401,1,1
401,0402,1,1
402,0403,-1,1
403,0404,-1,1
404,0405,1,1
405,0406,1,1
406,0407,-1,1
407,0408,1,1
408,0409,1,1
409,0410,1,1
410,0411,-1,1
411,0412,-1,1
412,0413,1,1
413,0414,-1,1
414,0415,1,1
415,0416,1,1
416,0417,1,1
417,0418,1,1
418,0419,1,1
419,0420,1,1
420,0421,1,1
421,0422,1,1
422,0423,-1,1
423,0424,-1,1
424,0425,1,1
425,0426,1,1
426,0427,-1,1
427,0428,-1,1
428,0429,1,1
429,0430,1,1
430,0431,-1,1
431,0432,1,1
432,0433,1,1
433,0434,-1,1
434,0435,-1,1
435,0436,-1,1
436,0437,1,1
437,0438,-1,1
438,0439,1,1
439,0440,-1,1
440,0441,-1,1
441,0442,-1,1
442,0443,-1,1
443,0444,1,1
444,0445,-1,1
445,0446,1,1
446,0447,-1,1
447,0448,-1,1
448,0449,1,1
449,0450,-1,1
450,0451,-1,1
451,0452,-1,1
452,0453,-1,1
453,0454,-1,1
454,0455,-1,1
455,0456,1,1
456,0457,1,1
457,0458,-1,1
458,0459,-1,1
459,0460,1,1
460,0461,-1,1
461,0462,1,1
462,0463,1,1
463,0464,-1,1
464,0465,1,1
465,0466,-1,1
466,0467,-1,1
467,0468,1,1
468,0469,-1,1
469,0470,-1,1
470,0471,-1,1
471,0472,1,1
472,0473,1,1
473,0474,-1,1
474,0475,-1,1
475,0476,1,1
476,0477,-1,1
477,0478,-1,1
478,0479,-1,1
479,0480,1,1
480,0481,1,1
481,0482,1,1
482,0483,1,1
483,0484,1,1
484,0485,1,1
485,0486,1,1
486,0487,1,1
487,0488,-1,1
488,0489,1,1
489,0490,1,1
490,0491,1,1
491,0492,-1,1
492,0493,-1,1
493,0494,1,1
494,0495,-1,1
495,0496,-1,1
496,0497,1,1
497,0498,-1,1
498,0499,-1,1
499,0500,-1,1
500,0501,-1,1
501,0502,1,1
502,0503,1,1
503,0504,1,1
504,0505,1,1
505,0506,1,1
506,0507,-1,1
507,0508,1,1
508,0509,1,1
509,0510,-1,1
510,0511,-1,1
511,0512,-1,1
512,0513,-1,1
513,0514,1,1
514,0515,-1,1
515,0516,-1,1
516,0517,1,1
517,0518,-1,1
518,0519,1,1
519,0520,-1,1
520,0521,1,1
521,0522,1,1
522,0523,1,1
523,0524,-1,1
524,0525,1,1
525,0526,1,1
526,0527,-1,1
527,0528,1,1
528,0529,-1,1
529,0530,1,1
530,0531,-1,1
531,0532,1,1
532,0533,-1,1
533,0534,1,1
534,0535,1,1
535,0536,1,1
536,0537,1,1
537,0538,1,1
538,0539,-1,1
539,0540,1,1
540,0541,-1,1
541,0542,-1,1
542,0543,-1,1
543,0544,-1,1
544,0545,1,1
545,0546,1,1
546,0547,-1,1
547,0548,-1,1
548,0549,1,1
549,0550,1,1
550,0551,-1,1
551,0552,-1,1
552,0553,1,1
553,0554,-1,1
554,0555,-1,1
555,0556,-1,1
556,0557,-1,1
557,0558,-1,1
558,0559,-1,1
559,0560,-1,1
560,0561,1,1
561,0562,1,1
562,0563,1,1
563,0564,-1,1
564,0565,1,1
565,0566,1,1
566,0567,1,1
567,0568,-1,1
568,0569,1,1
569,0570,-1,1
570,0571,-1,1
571,0572,-1,1
572,0573,-1,1
573,0574,-1,1
574,0575,1,1
575,0576,-1,1
576,0577,-1,1
577,0578,-1,1
578,0579,-1,1
579,0580,1,1
580,0581,-1,1
581,0582,1,1
582,0583,1,1
583,0584,-1,1
584,0585,1,1
585,0586,-1,1
586,0587,-1,1
587,0588,-1,1
588,0589,-1,1
589,0590,1,1
590,0591,1,1
591,0592,1,1
592,0593,1,1
593,0594,1,1
594,0595,-1,1
595,0596,-1,1
596,0597,-1,1
597,0598,1,1
598,0599,-1,1
599,0600,1,1
600,0601,1,1
601,0602,1,1
602,0603,1,1
603,0604,1,1
604,0605,-1,1
605,0606,-1,1
606,0607,-1,1
607,0608,1,1
608,0609,-1,1
609,0610,-1,1
610,0611,1,1
611,0612,1,1
612,0613,1,1
613,0614,-1,1
614,0615,-1,1
615,0616,-1,1
616,0617,-1,1
617,0618,-1,1
618,0619,1,1
619,0620,1,1
620,0621,-1,1
621,0622,-1,1
622,0623,-1,1
623,0624,1,1
624,0625,1,1
625,0626,1,1
626,0627,-1,1
627,0628,-1,1
628,0629,-1,1
629,0630,1,1
630,0631,1,1
631,0632,-1,1
632,0633,-1,1
633,0634,1,1
634,0635,1,1
635,0636,1,1
636,0637,-1,1
637,0638,-1,1
638,0639,-1,1
639,0640,1,1
640,0641,1,1
641,0642,1,1
642,0643,-1,1
643,0644,1,1
644,0645,1,1
645,0646,1,1
646,0647,-1,1
647,0648,1,1
648,0649,-1,1
649,0650,1,1
650,0651,1,1
651,0652,1,1
652,0653,1,1
653,0654,-1,1
654,0655,1,1
655,0656,1,1
656,0657,1,1
657,0658,1,1
658,0659,1,1
659,0660,1,1
660,0661,-1,1
661,0662,1,1
662,0663,1,1
663,0664,-1,1
664,0665,-1,1
665,0666,-1,1
666,0667,1,1
667,0668,1,1
668,0669,-1,1
669,0670,-1,1
670,0671,-1,1
671,0672,-1,1
672,0673,-1,1
673,0674,1,1
674,0675,1,1
675,0676,1,1
676,0677,1,1
677,0678,-1,1
678,0679,-1,1
679,0680,-1,1
680,0681,1,1
681,0682,-1,1
682,0683,1,1
683,0684,1,1
684,0685,1,1
685,0686,-1,1
686,0687,1,1
687,0688,-1,1
688,0689,-1,1
689,0690,1,1
690,0691,1,1
691,0692,-1,1
692,0693,-1,1
693,0694,-1,1
694,0695,-1,1
695,0696,1,1
696,0697,1,1
697,0698,-1,1
698,0699,-1,1
699,0700,-1,1
700,0701,1,1
701,0702,-1,1
702,0703,-1,1
703,0704,-1,1
704,0705,-1,1
705,0706,1,1
706,0707,1,1
707,0708,1,1
708,0709,1,1
709,0710,-1,1
710,0711,-1,1
711,0712,-1,1
712,0713,1,1
713,0714,-1,1
714,0715,1,1
715,0716,1,1
716,0717,1,1
717,0718,1,1
718,0719,-1,1
719,0720,1,1
720,0721,1,1
721,0722,-1,1
722,0723,-1,1
723,0724,-1,1
724,0725,-1,1
725,0726,-1,1
726,0727,1,1
727,0728,-1,1
728,0729,-1,1
729,0730,1,1
730,0731,1,1
731,0732,-1,1
732,0733,1,1
733,0734,-1,1
734,0735,1,1
735,0736,-1,1
736,0737,1,1
737,0738,-1,1
738,0739,1,1
739,0740,-1,1
740,0741,-1,1
741,0742,1,1
742,0743,-1,1
743,0744,-1,1
744,0745,-1,1
745,0746,1,1
746,0747,-1,1
747,0748,1,1
748,0749,1,1
749,0750,1,1
750,0751,-1,1
751,0752,1,1
752,0753,-1,1
753,0754,1,1
754,0755,-1,1
755,0756,1,1
756,0757,1,1
757,0758,1,1
758,0759,-1,1
759,0760,1,1
760,0761,1,1
761,0762,-1,1
762,0763,1,1
763,0764,1,1
764,0765,1,1
765,0766,-1,1
766,0767,-1,1
767,0768,-1,1
768,0769,1,1
769,0770,-1,1
770,0771,1,1
771,0772,-1,1
772,0773,-1,1
773,0774,-1,1
774,0775,1,1
775,0776,1,1
776,0777,1,1
777,0778,1,1
778,0779,-1,1
779,0780,1,1
780,0781,-1,1
781,0782,1,1
782,0783,-1,1
783,0784,1,1
784,0785,1,1
785,0786,-1,1
786,0787,-1,1
787,0788,-1,1
788,0789,1,1
789,0790,-1,1
790,0791,1,1
791,0792,1,1
792,0793,-1,1
793,0794,1,1
794,0795,1,1
795,0796,1,1
796,0797,-1,1
797,0798,-1,1
798,0799,1,1
799,0800,-1,1
800,0801,1,1
801,0802,-1,1
802,0803,1,1
803,0804,-1,1
804,0805,1,1
805,0806,1,1
806,0807,-1,1
807,0808,1,1
808,0809,-1,1
809,0810,-1,1
810,0811,-1,1
811,0812,-1,1
812,0813,-1,1
813,0814,-1,1
814,0815,-1,1
815,0816,1,1
816,0817,1,1
817,0818,1,1
818,0819,1,1
819,0820,1,1
820,0821,-1,1
821,0822,-1,1
822,0823,-1,1
823,0824,-1,1
824,0825,1,1
825,0826,-1,1
826,0827,1,1
827,0828,1,1
828,0829,-1,1
829,0830,-1,1
830,0831,1,1
831,0832,-1,1
832,0833,-1,1
833,0834,1,1
834,0835,1,1
835,0836,-1,1
836,0837,1,1
837,0838,-1,1
838,0839,1,1
839,0840,-1,1
840,0841,-1,1
841,0842,1,1
842,0843,1,1
843,0844,-1,1
844,0845,1,1
845,0846,-1,1
846,0847,-1,1
847,0848,1,1
848,0849,-1,1
849,0850,1,1
850,0851,-1,1
851,0852,-1,1
852,0853,-1,1
853,0854,-1,1
854,0855,-1,1
855,0856,-1,1
856,0857,1,1
857,0858,1,1
858,0859,-1,1
859,0860,1,1
860,0861,1,1
861,0862,-1,1
862,0863,1,1
863,0864,1,1
864,0865,-1,1
865,0866,1,1
866,0867,-1,1
867,0868,-1,1
868,0869,-1,1
869,0870,1,1
870,0871,-1,1
871,0872,1,1
872,0873,-1,1
873,0874,-1,1
874,0875,-1,1
875,0876,-1,1
876,0877,1,1
877,0878,-1,1
878,0879,-1,1
879,0880,1,1
880,0881,-1,1
881,0882,1,1
882,0883,-1,1
883,0884,-1,1
884,0885,-1,1
885,0886,-1,1
886,0887,1,1
887,0888,-1,1
888,0889,1,1
889,0890,1,1
890,0891,1,1
891,0892,1,1
892,0893,1,1
893,0894,-1,1
894,0895,1,1
895,0896,1,1
896,0897,1,1
897,0898,1,1
898,0899,-1,1
899,0900,-1,1
900,0901,-1,1
901,0902,-1,1
902,0903,-1,1
903,0904,1,1
904,0905,1,1
905,0906,-1,1
906,0907,1,1
907,0908,-1,1
908,0909,-1,1
909,0910,-1,1
910,0911,1,1
911,0912,-1,1
912,0913,1,1
913,0914,1,1
914,0915,1,1
915,0916,1,1
916,0917,-1,1
917,0918,1,1
918,0919,-1,1
919,0920,-1,1
920,0921,-1,1
921,0922,-1,1
922,0923,1,1
923,0924,1,1
924,0925,1,1
925,0926,1,1
926,0927,-1,1
927,0928,1,1
928,0929,1,1
929,0930,-1,1
930,0931,-1,1
931,0932,1,1
932,0933,1,1
933,0934,1,1
934,0935,-1,1
935,0936,1,1
936,0937,-1,1
937,0938,-1,1
938,0939,-1,1
939,0940,1,1
940,0941,1,1
941,0942,-1,1
942,0943,-1,1
943,0944,1,1
944,0945,1,1
945,0946,1,1
946,0947,1,1
947,0948,-1,1
948,0949,-1,1
949,0950,-1,1
950,0951,1,1
951,0952,-1,1
952,0953,-1,1
953,0954,-1,1
954,0955,-1,1
955,0956,1,1
956,0957,-1,1
957,0958,1,1
958,0959,-1,1
959,0960,1,1
960,0961,1,1
961,0962,1,1
962,0963,-1,1
963,0964,-1,1
964,0965,-1,1
965,0966,1,1
966,0967,-1,1
967,0968,1,1
968,0969,-1,1
969,0970,-1,1
970,0971,-1,1
971,0972,1,1
972,0973,-1,1
973,0974,1,1
974,0975,-1,1
975,0976,1,1
976,0977,1,1
977,0978,1,1
978,0979,-1,1
979,0980,1,1
980,0981,-1,1
981,0982,-1,1
982,0983,-1,1
983,0984,-1,1
984,0985,1,1
985,0986,1,1
986,0987,1,1
987,0988,1,1
988,0989,-1,1
989,0990,-1,1
990,0991,1,1
991,0992,1,1
992,0993,-1,1
993,0994,-1,1
994,0995,-1,1
995,0996,-1,1
996,0997,-1,1
997,0998,1,1
998,0999,1,1
999,1000,-1,1
